"","Player","Player_Name_Compact","Team","City","Game_Started","Games_Played","Minutes","Points","Two_Point_Made","Two_Point_Attempted","Two_Point_Percentage","Three_Point_Made","Three_Point_Attempted","Three_Point_Percentage","Free_Throws_Made","Free_Throws_Attempted","Free_Throws_Percentage","Defensive_Rebounds","Offensive_Rebounds","Total_Rebounds","Turnovers","Steals","Blocks_against","Blocks","Assists","Personal_Fouls","Personal_Fouls_Drawn","Efficiency"
"3","Aceti Oscar","Aceti O.","NERVIANESE 1919","NERVIANO","20","18","147","47","19","36","53","0","2","0","9","12","75","27","8","35","9","1","4","1","3","27","16","41"
"4","Airoldi Filippo","Airoldi F.","SOCIAL O.S.A.","OSA MILANO","2","1","8","2","1","1","100","","","","","","","","","","","","","","2","1","","3"
"5","Albiero Giovanni Alberto","Albiero G.","MILANOTRE BASKET","MILANOTRE","13","3","10","2","1","2","50","0","1","0","","","","1","","1","","1","","","","","","2"
"6","Albique Luca","Albique L.","AURORA DESIO 94","DESIO","19","19","321","106","39","64","61","0","3","0","28","40","70","71","21","92","19","13","1","6","17","64","52","162"
"7","Alessi Gabriele","Alessi G.","COPERT. ALLUMINIO BAJ ARCISATE","ARCISATE","2","0","","0","","","","","","","","","","","","","","","","","","","",""
"8","Alessio Lorenzo","Alessio L.","7 LAGHI GAZZADA","GAZZADA","15","4","7","0","","","","","","","","","","","","","1","","","","","","","-1"
"9","Aliprandi Andrea","Aliprandi A.","PALL. LISSONE","LISSONE","20","20","463","232","75","135","56","16","31","52","34","46","74","66","37","103","27","11","5","4","19","58","46","238"
"10","Allevi Alessandro","Allevi A.","CARPE DIEM BASKET","CALOLZIOCORTE","14","14","180","45","15","42","36","3","11","27","6","8","75","19","9","28","8","4","","","10","22","8","28"
"11","Amo Felix","Amo F.","PALL. GARDONESE","GARDONESE","8","5","14","2","1","1","100","","","","","","","","","","","","","","","","","2"
"12","Andreotti Roberto","Andreotti R.","FORTITUDO BUSNAGO","BUSNAGO","6","3","13","0","0","2","0","0","1","0","","","","3","1","4","","1","","1","","2","1","2"
"13","Angiolini Alberto","Angiolini A.","LEGNANO KNIGHTS","LEGNANO","20","17","201","37","9","31","29","4","18","22","7","10","70","26","4","30","21","5","3","","35","14","11","41"
"14","Anzivino Roberto","Anzivino R.","VIRTUS PALL. CERMENATE","CERMENATE","18","18","492","104","26","58","45","10","34","29","22","35","63","92","13","105","14","18","1","1","33","21","38","194"
"15","Arcaini Tommaso","Arcaini T.","MILANOTRE BASKET","MILANOTRE","12","3","4","2","1","2","50","0","1","0","","","","","","","","","","","","","",""
"16","Ardizzone Davide","Ardizzone D.","SOCIAL O.S.A.","OSA MILANO","19","18","243","94","10","27","37","23","77","30","5","14","36","35","7","42","14","8","","","10","37","12","35"
"17","Ariazzi Alessandro","Ariazzi A.","SANSEBASKET","CREMONA","20","19","323","71","20","35","57","7","33","21","10","13","77","40","12","52","12","16","","1","22","53","19","72"
"18","Arici Andrea","Arici A.","PALL. GARDONESE","GARDONESE","19","19","393","161","21","55","38","34","95","36","17","21","81","31","12","43","19","16","1","1","17","32","20","107"
"19","Arienti Riccardo","Arienti R.","TEAM ABC CANTU'","CANTU'","19","19","397","277","47","89","53","45","109","41","48","66","73","45","7","52","27","36","5","","27","37","78","277"
"20","Arioli Federico","Arioli F.","PALL. MILANO 1958","MILANO","18","12","165","54","12","26","46","10","35","29","","","","27","5","32","8","2","","","14","9","3","49"
"21","Asaro Mattia","Asaro M.","PALL. GARDONESE","GARDONESE","3","2","4","0","0","1","0","","","","","","","","","","","","","","","","","-1"
"22","Atienza Brentel","Atienza B.","PALL. GARDONESE","GARDONESE","19","17","159","37","10","16","62","1","9","11","14","21","67","6","4","10","15","19","2","","25","28","19","44"
"23","Atsur Engin","Atsur E.","HYDROTHERM BUSTO ARSIZIO","BUSTO ARSIZIO","16","16","541","287","65","113","58","29","78","37","70","87","80","82","13","95","43","28","1","1","90","36","100","407"
"24","Azimonti Fabio","Azimonti F.","LEGNANO KNIGHTS","LEGNANO","17","7","21","7","1","2","50","1","2","50","2","2","100","","1","1","1","1","","","1","2","1","6"
"25","Azzimonti Edoardo","Azzimonti E.","HYDROTHERM BUSTO ARSIZIO","BUSTO ARSIZIO","20","16","323","156","43","84","51","15","57","26","25","35","71","68","14","82","14","6","3","4","9","35","30","142"
"26","Azzola Marco","Azzola M.","NEW BASKET PREVALLE","PREVALLE","18","11","319","171","31","63","49","24","88","27","37","46","80","45","8","53","21","4","2","1","24","26","42","141"
"27","Baccalaro Marco","Baccalaro M.","SOCIAL O.S.A.","OSA MILANO","2","1","28","14","5","8","62","1","1","100","1","2","50","7","","7","1","","","","","4","2","14"
"28","Baldrighi Dante","Baldrighi D.","MAZZOLENI B.T. PIZZIGHETTONE","PIZZIGHETTONE","18","14","107","24","5","11","45","2","8","25","8","12","67","13","8","21","8","3","2","","4","23","7","10"
"29","Ballarate Matteo","Ballarate M.","TEAM ABC CANTU'","CANTU'","18","17","391","127","23","59","39","21","68","31","18","27","67","24","17","41","35","11","1","","28","48","29","60"
"30","Ballarin Gabriele","Ballarin G.","LEGNANO KNIGHTS","LEGNANO","18","8","33","10","5","11","45","0","1","0","0","2","0","9","3","12","5","2","","1","2","9","1","5"
"31","Ballini Federico","Ballini F.","NBB BRESCIA","BRESCIA","9","3","4","0","0","1","0","0","1","0","","","","1","","1","","","","","","1","","-2"
"32","Balogun Michael","Balogun M.","PALL. GARDONESE","GARDONESE","20","20","474","156","31","69","45","19","52","37","37","51","73","48","20","68","22","36","5","2","28","47","38","169"
"33","Banchelli Carlo","Banchelli C.","SOCIAL O.S.A.","OSA MILANO","5","5","65","29","7","16","44","2","11","18","9","22","41","2","","2","4","","","","3","7","14","6"
"34","Bandera Gianluca","Bandera G.","NERVIANESE 1919","NERVIANO","19","19","317","125","19","37","51","26","70","37","9","10","90","46","7","53","10","9","2","2","13","18","8","117"
"35","Bandera Francesco","Bandera F.","SANSEBASKET","CREMONA","14","14","121","18","3","7","43","3","13","23","3","5","60","3","2","5","5","7","1","","4","13","3","2"
"36","Banfi Mattia","Banfi M.","VIRTUS PALL. CERMENATE","CERMENATE","18","18","584","182","34","98","35","28","61","46","30","40","75","36","6","42","24","25","1","","32","36","41","154"
"37","Banfi Filippo","Banfi F.","VIRTUS PALL. CERMENATE","CERMENATE","17","3","2","0","","","","","","","","","","","","","","","","","","","",""
"38","Barbisan Massimo","Barbisan M.","BASKET ROVELLO","ROVELLO","19","19","610","270","81","125","65","25","81","31","33","48","69","177","51","228","34","26","6","6","31","47","57","416"
"39","Barlera Kevin","Barlera K.","PALL. MILANO 1958","MILANO","1","0","","0","","","","","","","","","","","","","","","","","","","",""
"40","Baroni Mattia","Baroni M.","ARGOMM BASKET ISEO","ISEO","21","21","528","225","62","116","53","16","46","35","53","80","66","91","31","122","34","10","3","3","29","67","80","254"
"41","Bartoli Lorenzo","Bartoli L.","AURORA DESIO 94","DESIO","19","11","185","77","17","38","45","11","45","24","10","20","50","17","7","24","11","11","","","6","19","20","43"
"42","Basaglia Alessandro","Basaglia A.","BASKET SUSTINENTE","SUSTINENTE","10","8","104","16","7","25","28","","","","2","2","100","11","4","15","10","2","","","","11","3","-3"
"43","Bassani Andrea","Bassani A.","MILANOTRE BASKET","MILANOTRE","20","20","589","270","85","158","54","23","62","37","31","54","57","173","58","231","22","11","4","7","21","36","48","391"
"44","Battilana Luca","Battilana L.","BASKETBALL GALLARATE","GALLARATE","19","18","289","69","20","43","47","6","41","15","11","17","65","54","11","65","13","5","1","4","7","27","13","58"
"45","Battistuzzi Leonardo","Battistuzzi L.","BOCCONI SPORT TEAM","MILANO TEAM","20","20","563","191","40","91","44","27","92","29","30","37","81","69","20","89","33","9","1","4","17","37","41","157"
"46","Bazzoli Riccardo","Bazzoli R.","FORTITUDO BUSNAGO","BUSNAGO","20","20","668","331","64","161","40","42","153","27","77","101","76","83","19","102","32","19","2","6","16","32","78","254"
"47","Bellandi Nicola","Bellandi N.","NEW BASKET PREVALLE","PREVALLE","19","17","207","47","19","36","53","0","2","0","9","15","60","34","25","59","3","3","","6","5","13","13","92"
"48","Bellotti Luca","Bellotti L.","7 LAGHI GAZZADA","GAZZADA","19","19","647","257","59","107","55","25","92","27","64","79","81","69","9","78","50","26","4","","65","37","94","299"
"49","Bellotti Giorgio","Bellotti G.","PALL. MILANO 1958","MILANO","19","19","296","150","58","81","72","1","3","33","31","44","70","50","30","80","16","4","","6","4","42","47","195"
"50","Beretta Matteo","Beretta M.","LIBERTAS CERNUSCO","CERNUSCO","20","20","618","72","28","52","54","2","4","50","10","15","67","130","46","176","34","21","1","20","55","47","21","252"
"51","Bergamo Simone","Bergamo S.","MAZZOLENI B.T. PIZZIGHETTONE","PIZZIGHETTONE","20","17","195","71","30","60","50","0","2","0","11","14","79","25","14","39","16","3","2","1","5","18","18","66"
"52","Bertoglio Nicola","Bertoglio N.","MILANOTRE BASKET","MILANOTRE","20","20","459","121","7","16","44","32","90","36","11","13","85","31","7","38","8","4","","","6","35","10","67"
"53","Bertuzzi Corrado","Bertuzzi C.","MAZZOLENI B.T. PIZZIGHETTONE","PIZZIGHETTONE","20","20","304","111","8","14","57","28","60","47","11","15","73","25","7","32","13","8","","","17","25","17","105"
"54","Bialkowski Michal Mateusz","Bialkowski M.","NBB BRESCIA","BRESCIA","21","18","563","227","84","154","55","6","21","29","41","68","60","126","42","168","34","9","6","5","26","54","66","295"
"55","Bianchi Federico","Bianchi F.","COPERT. ALLUMINIO BAJ ARCISATE","ARCISATE","18","17","133","29","5","13","38","5","17","29","4","7","57","2","3","5","13","8","3","","2","17","12",""
"56","Bianchi Davide","Bianchi D.","BASKET SUSTINENTE","SUSTINENTE","7","1","1","0","","","","","","","","","","","","","","","","","","","",""
"57","Biasich Davide","Biasich D.","SOCIAL O.S.A.","OSA MILANO","21","21","550","224","35","111","32","35","147","24","49","69","71","34","14","48","47","16","3","","20","44","56","62"
"58","Binaghi Giovanni","Binaghi G.","PALL. MILANO 1958","MILANO","12","10","77","21","8","16","50","0","7","0","5","10","50","10","5","15","9","3","1","","1","6","7","11"
"59","Binaghi Matteo Luigi","Binaghi M.","NERVIANESE 1919","NERVIANO","19","16","121","22","7","13","54","1","6","17","5","10","50","9","2","11","7","6","1","","12","12","10","25"
"60","Biraghi Francesco","Biraghi F.","NERVIANESE 1919","NERVIANO","20","19","400","126","38","81","47","13","43","30","11","17","65","48","7","55","36","8","2","","15","48","29","68"
"61","Boccafurni Eugenio","Boccafurni E.","ARGOMM BASKET ISEO","ISEO","21","21","589","263","105","189","56","5","20","25","38","68","56","125","51","176","40","43","7","8","44","67","74","365"
"62","Bogni Andrea","Bogni A.","7 LAGHI GAZZADA","GAZZADA","3","0","","0","","","","","","","","","","","","","","","","","","","",""
"63","Bona Angelo","Bona A.","OLIMPIA LUMEZZANE","LUMEZZANE","19","13","294","93","19","37","51","13","36","36","16","22","73","32","7","39","24","14","","4","28","33","23","97"
"64","Bonacina Matteo","Bonacina M.","CARPE DIEM BASKET","CALOLZIOCORTE","18","18","408","115","38","71","54","4","15","27","27","38","71","101","36","137","36","24","6","8","44","49","47","229"
"65","Bonissi Matteo","Bonissi M.","NERVIANESE 1919","NERVIANO","6","2","4","0","","","","","","","","","","","","","","","","","","","",""
"66","Bonora Fabio","Bonora F.","MILANOTRE BASKET","MILANOTRE","19","18","305","121","37","83","45","8","18","44","23","30","77","63","35","98","17","5","6","5","6","53","16","112"
"67","Bordone Roberto","Bordone R.","VIRTUS LUMEZZANE","LUMEZZANE","18","6","22","6","","","","2","3","67","","","","","","","2","","1","","","","","2"
"68","Borghetti Marco","Borghetti M.","VIRTUS LUMEZZANE","LUMEZZANE","20","20","356","142","33","81","41","15","44","34","31","40","78","18","8","26","27","8","2","2","28","57","44","78"
"69","Borghetti Luca","Borghetti L.","VIRTUS LUMEZZANE","LUMEZZANE","20","19","205","59","8","19","42","10","42","24","13","23","57","13","3","16","19","10","2","2","11","34","23","13"
"70","Borsani Riccardo","Borsani R.","BASKET ROVELLO","ROVELLO","19","19","141","34","11","25","44","2","8","25","6","8","75","10","5","15","10","1","2","1","4","17","10","14"
"71","Bosa Andrea","Bosa A.","BASKET ROVELLO","ROVELLO","19","19","677","335","61","135","45","51","152","34","60","85","71","89","8","97","49","25","7","3","70","47","80","307"
"72","Bosio Samuele","Bosio S.","ARGOMM BASKET ISEO","ISEO","4","0","","0","","","","","","","","","","","","","","","","","","","",""
"73","Bossola Davide","Bossola D.","AURORA DESIO 94","DESIO","19","19","494","159","26","68","38","28","90","31","23","33","70","80","11","91","22","25","","7","49","42","34","187"
"74","Brajkovic Jure","Brajkovic J.","VIRTUS LUMEZZANE","LUMEZZANE","11","10","273","121","22","52","42","19","61","31","20","31","65","65","12","77","39","13","1","2","31","23","39","137"
"75","Bresolin Dejan","Bresolin D.","TEAM ABC CANTU'","CANTU'","13","8","73","17","7","23","30","0","1","0","3","4","75","8","6","14","7","1","","2","","11","2",""
"76","Brigatti Riccardo","Brigatti R.","FORTITUDO BUSNAGO","BUSNAGO","9","5","11","2","","","","","","","2","2","100","2","","2","","","","","","","1","5"
"77","Brignolo Filippo","Brignolo F.","MAZZOLENI B.T. PIZZIGHETTONE","PIZZIGHETTONE","20","20","242","46","10","24","42","6","23","26","8","15","53","16","3","19","21","14","3","1","12","37","21","14"
"78","Broggi Mattia","Broggi M.","VIRTUS PALL. CERMENATE","CERMENATE","18","18","526","186","48","114","42","16","62","26","42","63","67","55","22","77","30","32","3","2","39","52","81","199"
"79","Brotto Luca","Brotto L.","COPERT. ALLUMINIO BAJ ARCISATE","ARCISATE","3","2","4","0","","","","","","","","","","1","","1","","","","","","","","1"
"80","Butti Marcello","Butti M.","CARPE DIEM BASKET","CALOLZIOCORTE","7","7","98","27","6","11","55","5","18","28","","","","7","1","8","8","3","1","","13","8","7","23"
"81","Buzzini Roberto","Buzzini R.","ROMANO LOMBARDO","BERGAMO","15","15","424","118","26","44","59","15","56","27","21","34","62","26","10","36","30","22","2","2","44","33","47","132"
"82","Cadario Davide","Cadario D.","COPERT. ALLUMINIO BAJ ARCISATE","ARCISATE","15","14","337","123","19","57","33","21","72","29","22","29","76","28","3","31","20","11","5","","17","26","31","66"
"83","Caggiano Simone","Caggiano S.","HYDROTHERM BUSTO ARSIZIO","BUSTO ARSIZIO","14","10","62","11","2","4","50","2","6","33","1","2","50","4","1","5","5","2","","","2","7","2","3"
"84","Caglio Simone","Caglio S.","TEAM ABC CANTU'","CANTU'","14","14","194","70","20","36","56","5","21","24","15","17","88","24","15","39","18","14","","3","6","26","20","74"
"85","Calamari Michele","Calamari M.","FORTITUDO BUSNAGO","BUSNAGO","13","7","47","16","4","6","67","2","9","22","2","6","33","5","","5","3","1","","","5","8","4","7"
"86","Caldera Alessandro","Caldera A.","NBB BRESCIA","BRESCIA","5","1","2","0","","","","","","","","","","","","","","","","","","","",""
"87","Calzavara Andrea","Calzavara A.","BASKETBALL GALLARATE","GALLARATE","5","5","143","60","15","38","39","3","10","30","21","31","68","15","10","25","10","6","1","1","5","11","31","66"
"88","Calzavara Marco","Calzavara M.","BASKETBALL GALLARATE","GALLARATE","7","5","110","38","11","26","42","4","12","33","4","12","33","12","6","18","10","6","1","","3","10","13","26"
"89","Campeggi Tommaso","Campeggi T.","LIBERTAS CERNUSCO","CERNUSCO","20","20","348","111","35","67","52","7","25","28","20","41","49","41","27","68","10","13","1","4","13","48","38","117"
"90","Campostrini Kevin","Campostrini K.","BASKET SUSTINENTE","SUSTINENTE","16","13","180","36","11","29","38","3","9","33","5","10","50","16","9","25","31","2","","1","2","20","16","2"
"91","Canato Zenabu","Canato Z.","AURORA DESIO 94","DESIO","13","4","11","1","","","","","","","1","2","50","1","","1","","","","","","1","1","1"
"92","Canavesi Jacopo","Canavesi J.","BASKETBALL GALLARATE","GALLARATE","19","18","281","49","14","36","39","3","17","18","12","26","46","20","8","28","18","17","4","1","20","27","37","53"
"93","Cancelli Matteo","Cancelli M.","PALL. GARDONESE","GARDONESE","20","20","505","170","63","117","54","1","9","11","41","50","82","79","53","132","34","14","5","1","30","56","65","246"
"94","Cappellari Alberto","Cappellari A.","PALL. MILANO 1958","MILANO","19","18","112","11","1","3","33","1","6","17","6","7","86","15","","15","12","2","","","13","16","10","15"
"95","Caramatti Rene'","Caramatti R.","ARGOMM BASKET ISEO","ISEO","21","21","645","329","50","107","47","53","160","33","70","77","91","70","17","87","51","21","4","2","49","41","67","288"
"96","Carpani Silvio","Carpani S.","TEAM ABC CANTU'","CANTU'","19","19","598","181","41","100","41","24","87","28","27","44","61","84","11","95","20","21","1","5","35","49","52","180"
"97","Carrera Alessandro","Carrera A.","LIBERTAS CERNUSCO","CERNUSCO","20","20","416","181","53","118","45","6","21","29","57","75","76","43","15","58","41","22","3","","27","56","81","171"
"98","Casali Luca","Casali L.","MAZZOLENI B.T. PIZZIGHETTONE","PIZZIGHETTONE","20","18","484","173","41","93","44","19","58","33","34","58","59","50","8","58","28","15","3","1","31","49","73","156"
"99","Casati Simone","Casati S.","PALL. MILANO 1958","MILANO","3","3","57","20","4","10","40","3","14","21","3","4","75","2","","2","3","1","","","6","3","5","10"
"100","Casati Simone","Casati S.","VIRTUS PALL. CERMENATE","CERMENATE","15","14","236","101","20","54","37","17","52","33","10","15","67","25","5","30","18","10","2","","17","26","11","49"
"101","Cattaneo Michele Paolo","Cattaneo M.","PALL. MILANO 1958","MILANO","19","18","630","209","62","100","62","16","46","35","37","64","58","62","14","76","57","33","1","","68","40","60","253"
"102","Cattaneo Tommaso","Cattaneo T.","PALL. MILANO 1958","MILANO","20","20","388","64","14","23","61","10","38","26","6","9","67","24","5","29","10","10","","1","20","24","14","64"
"103","Cattaneo Nicolo'","Cattaneo N.","DELTA LINE OPERA","OPERA","17","16","345","125","19","50","38","22","62","35","21","29","72","43","4","47","9","16","2","","16","33","29","110"
"104","Cattaneo Federico","Cattaneo F.","BASKET ROVELLO","ROVELLO","3","2","4","0","0","1","0","0","1","0","","","","","","","","","1","","","2","","-5"
"105","Cattini Cesare","Cattini C.","BASKET SUSTINENTE","SUSTINENTE","16","14","123","14","4","12","33","0","4","0","6","8","75","6","6","12","15","6","1","","","11","6","-3"
"106","Cazzaniga Roberto","Cazzaniga R.","SANSEBASKET","CREMONA","13","13","287","51","18","47","38","2","19","11","9","11","82","52","15","67","18","8","3","8","11","35","15","56"
"107","Cazzaniga Daniele","Cazzaniga D.","DELTA LINE OPERA","OPERA","10","1","6","0","","","","","","","","","","","","","","","","","","","",""
"108","Cefarelli Dario","Cefarelli D.","BOCCONI SPORT TEAM","MILANO TEAM","5","5","125","64","21","47","45","1","3","33","19","34","56","20","5","25","14","2","1","1","9","9","30","64"
"109","Ceppi Stefano","Ceppi S.","NERVIANESE 1919","NERVIANO","20","19","579","173","37","69","54","29","103","28","12","17","71","74","10","84","35","18","5","1","42","41","23","149"
"110","Cesani Giovanni","Cesani G.","COPERT. ALLUMINIO BAJ ARCISATE","ARCISATE","19","18","367","137","30","68","44","20","51","39","17","34","50","55","4","59","54","41","4","2","36","52","39","118"
"111","Charles Pena Miguel Angel","Charles Pena M.","DELTA LINE OPERA","OPERA","18","16","154","33","10","21","48","2","10","20","7","22","32","38","5","43","9","8","","","2","31","19","31"
"112","Chiarello Paolo","Chiarello P.","ROMANO LOMBARDO","BERGAMO","20","16","475","179","58","133","44","8","33","24","39","56","70","80","12","92","24","18","3","3","28","49","52","179"
"113","Chiesa Alessandro Carlo","Chiesa A.","DELTA LINE OPERA","OPERA","20","18","188","51","23","59","39","0","5","0","5","14","36","35","15","50","7","3","1","3","6","24","18","49"
"114","Chiesa Stefano","Chiesa S.","HYDROTHERM BUSTO ARSIZIO","BUSTO ARSIZIO","17","4","13","3","1","2","50","","","","1","2","50","1","","1","","","","","","1","1","2"
"115","Chirico Edoardo","Chirico E.","FORTITUDO BUSNAGO","BUSNAGO","20","18","150","27","4","10","40","4","16","25","7","9","78","12","5","17","17","7","1","","17","21","12","21"
"116","Chitti Tommaso","Chitti T.","DELTA LINE OPERA","OPERA","2","0","","0","","","","","","","","","","","","","","","","","","","",""
"117","Ciaramella Daniele","Ciaramella D.","VIRTUS LUMEZZANE","LUMEZZANE","9","8","139","25","4","7","57","3","11","27","8","14","57","16","4","20","10","1","","","18","17","13","33"
"118","Ciardiello Luca","Ciardiello L.","BASKETBALL GALLARATE","GALLARATE","19","19","390","184","13","33","39","43","114","38","29","39","74","52","2","54","25","11","","","20","51","41","133"
"119","Ciman Mattia","Ciman M.","NEW BASKET PREVALLE","PREVALLE","4","2","40","26","8","15","53","2","10","20","4","5","80","1","","1","2","3","","","2","4","5","15"
"120","Cinquepalmi Nicholas","Cinquepalmi N.","MILANOTRE BASKET","MILANOTRE","18","18","351","123","44","81","54","4","17","24","23","37","62","37","4","41","24","11","1","3","6","56","33","72"
"121","Cipriani Marco","Cipriani M.","NBB BRESCIA","BRESCIA","21","21","394","123","15","37","41","27","81","33","12","17","71","26","6","32","18","9","4","","4","31","20","54"
"122","Cirilli Alessandro","Cirilli A.","BOCCONI SPORT TEAM","MILANO TEAM","8","3","6","0","0","1","0","","","","0","2","0","","","","1","","","","","3","1","-6"
"123","Clementoni Matteo","Clementoni M.","ROBUR BASKET SARONNO","SARONNO","18","17","391","220","42","100","42","35","70","50","31","38","82","47","5","52","29","31","1","2","36","45","40","206"
"124","Clerici Matteo","Clerici M.","BASKETBALL GALLARATE","GALLARATE","19","17","560","221","48","92","52","32","97","33","29","37","78","113","43","156","19","20","4","16","22","41","37","291"
"125","Cocchi Filippo","Cocchi F.","SANSEBASKET","CREMONA","20","20","324","91","24","46","52","10","29","34","13","24","54","38","16","54","15","13","1","4","12","52","25","79"
"126","Collini Riccardo","Collini R.","PALL. LISSONE","LISSONE","20","20","453","141","58","84","69","0","2","0","25","61","41","82","42","124","37","17","4","17","21","64","70","221"
"127","Colnago Paolo","Colnago P.","7 LAGHI GAZZADA","GAZZADA","19","19","689","253","35","73","48","47","155","30","42","56","75","62","4","66","55","17","4","3","69","41","69","217"
"128","Colombo Marco Carlo","Colombo M.","MILANOTRE BASKET","MILANOTRE","20","14","353","123","11","39","28","23","65","35","32","45","71","50","6","56","19","16","2","","41","24","49","157"
"129","Colombo Tommaso","Colombo T.","VIRTUS PALL. CERMENATE","CERMENATE","18","18","395","179","69","122","57","0","3","0","41","52","79","79","23","102","28","14","7","3","14","46","50","214"
"130","Colombo Daniele","Colombo D.","NEW BASKET PREVALLE","PREVALLE","14","3","27","16","3","6","50","2","4","50","4","6","67","4","1","5","4","1","1","","","2","4","12"
"131","Colussa Andrea","Colussa A.","BASKET SUSTINENTE","SUSTINENTE","16","16","466","195","55","125","44","17","67","25","34","47","72","79","26","105","33","27","3","3","6","49","36","154"
"132","Contini Tommaso","Contini T.","MAZZOLENI B.T. PIZZIGHETTONE","PIZZIGHETTONE","1","1","12","4","0","1","0","1","3","33","1","2","50","2","3","5","","","","","","4","2","3"
"133","Contini Tommaso","Contini T.","VIRTUS LUMEZZANE","LUMEZZANE","17","16","202","53","13","31","42","6","20","30","9","14","64","32","11","43","8","2","3","2","5","36","14","35"
"134","Coraini Andrea","Coraini A.","BOCCONI SPORT TEAM","MILANO TEAM","18","18","344","61","10","36","28","8","34","24","17","23","74","16","10","26","22","13","4","1","12","35","24","18"
"135","Corbelli Federico","Corbelli F.","LIBERTAS CERNUSCO","CERNUSCO","14","6","17","9","2","3","67","1","1","100","2","4","50","1","1","2","","","","","","1","2","9"
"136","Corna Andrea","Corna A.","FORTITUDO BUSNAGO","BUSNAGO","20","18","494","239","43","99","43","46","131","35","15","26","58","126","18","144","24","19","4","1","17","64","40","216"
"137","Corti Marco","Corti M.","LEGNANO KNIGHTS","LEGNANO","20","20","316","133","49","87","56","0","5","0","35","60","58","34","30","64","34","5","6","3","7","57","50","97"
"138","Cozzoli Marcello","Cozzoli M.","NERVIANESE 1919","NERVIANO","19","19","543","298","35","74","47","55","161","34","63","76","83","56","6","62","55","17","3","1","60","36","88","274"
"139","Cremaschi Giorgio","Cremaschi G.","ROMANO LOMBARDO","BERGAMO","20","20","157","23","9","20","45","1","10","10","2","9","22","13","4","17","19","5","2","","6","31","10","-18"
"140","Cremaschi Marco","Cremaschi M.","ROMANO LOMBARDO","BERGAMO","20","12","65","13","2","8","25","3","11","27","0","1","0","13","1","14","6","8","","1","3","4","2","16"
"141","Crespi Matteo","Crespi M.","HYDROTHERM BUSTO ARSIZIO","BUSTO ARSIZIO","1","1","1","0","","","","","","","","","","","","","1","","","","","","","-1"
"142","Cristofori Leonardo","Cristofori L.","LIBERTAS CERNUSCO","CERNUSCO","1","1","22","2","1","3","33","0","2","0","","","","2","2","4","","2","","","3","1","2","8"
"143","Croci Andrea","Croci A.","NERVIANESE 1919","NERVIANO","1","0","","0","","","","","","","","","","","","","","","","","","","",""
"144","Croci Niccolo'","Croci N.","HYDROTHERM BUSTO ARSIZIO","BUSTO ARSIZIO","20","20","456","166","53","113","47","2","20","10","54","78","69","51","15","66","18","21","4","","22","50","64","165"
"145","Cucchi Luca","Cucchi L.","PALL. GARDONESE","GARDONESE","20","20","502","213","47","93","51","30","75","40","29","37","78","119","31","150","25","26","1","6","31","52","33","282"
"146","Cuelho Santiago Agustin","Cuelho S.","ARGOMM BASKET ISEO","ISEO","19","19","489","171","47","102","46","12","54","22","41","56","73","70","24","94","42","27","7","2","46","53","64","190"
"147","Dadda Davide","Dadda D.","ROMANO LOMBARDO","BERGAMO","20","20","363","136","48","82","59","5","29","17","25","40","62","49","30","79","18","18","2","1","8","41","26","134"
"148","Dalla Longa Marco","Dalla Longa M.","NEW BASKET PREVALLE","PREVALLE","12","5","42","13","1","5","20","3","5","60","2","2","100","1","1","2","5","","","","1","3","3","5"
"149","Dalovic Marko","Dalovic M.","OLIMPIA LUMEZZANE","LUMEZZANE","20","20","526","215","20","49","41","49","127","39","28","32","88","26","5","31","30","12","3","1","17","38","38","132"
"150","D'Ambrosio Federico","D'Ambrosio F.","PALL. MILANO 1958","MILANO","1","0","","0","","","","","","","","","","","","","","","","","","","",""
"151","D'Ambrosio Angelillo Michele","D'Ambrosio Angelillo M.","SOCIAL O.S.A.","OSA MILANO","13","13","134","32","12","22","55","2","11","18","2","2","100","24","8","32","16","3","1","3","3","20","5","22"
"152","D'Ambrosio Angelillo Domenico","D'Ambrosio Angelillo D.","SOCIAL O.S.A.","OSA MILANO","5","5","50","19","0","4","0","5","11","45","4","5","80","6","2","8","3","1","","","","5","2","11"
"153","D'Apolito Andrea","D'Apolito A.","VIRTUS PALL. CERMENATE","CERMENATE","18","17","207","23","8","19","42","2","8","25","1","1","100","27","4","31","15","7","1","1","10","24","3","18"
"154","Davico Ignacio Martin","Davico I.","PALL. GARDONESE","GARDONESE","20","20","607","335","76","145","52","40","100","40","63","82","77","68","14","82","53","50","7","1","86","47","72","371"
"155","De Bettin Federico","De Bettin F.","AURORA DESIO 94","DESIO","19","19","541","177","52","103","50","10","36","28","43","60","72","31","22","53","35","35","6","","95","33","57","249"
"156","De Capitani Francesco","De Capitani F.","ROBUR BASKET SARONNO","SARONNO","11","8","30","4","1","4","25","0","4","0","2","2","100","3","1","4","3","","","","4","5","1","-2"
"157","De Conto Paolo","De Conto P.","DELTA LINE OPERA","OPERA","20","20","467","104","28","49","57","14","38","37","6","21","29","39","36","75","13","12","1","","7","48","27","103"
"158","De Franco Federico","De Franco F.","HYDROTHERM BUSTO ARSIZIO","BUSTO ARSIZIO","20","19","386","146","59","111","53","2","10","20","22","35","63","58","29","87","17","14","2","3","19","58","46","165"
"159","De Franco Riccardo","De Franco R.","HYDROTHERM BUSTO ARSIZIO","BUSTO ARSIZIO","19","8","30","10","4","8","50","","","","2","8","25","3","3","6","2","1","","","1","10","6","2"
"160","De Guzman Mike","De Guzman M.","ARGOMM BASKET ISEO","ISEO","16","15","409","140","20","46","43","23","64","36","31","40","78","34","1","35","26","16","2","","54","29","33","145"
"161","De Marzi Matteo","De Marzi M.","SOCIAL O.S.A.","OSA MILANO","17","17","297","62","25","64","39","0","2","0","12","23","52","39","16","55","19","14","5","4","7","47","26","45"
"162","De Piccoli Andrea","De Piccoli A.","PALL. LISSONE","LISSONE","19","9","26","2","1","5","20","","","","","","","3","1","4","2","","","1","","3","","-2"
"163","Degrada Stefano","Degrada S.","BASKET TEAM E.BATTAGLIA","MORTARA","19","19","600","309","75","158","47","37","125","30","48","61","79","28","7","35","36","14","7","","47","51","48","175"
"164","Deleidi Lorenzo","Deleidi L.","ROMANO LOMBARDO","BERGAMO","20","18","337","93","29","70","41","1","11","9","32","39","82","30","12","42","35","19","3","2","35","18","56","133"
"165","Delibasic Milos","Delibasic M.","NEW BASKET PREVALLE","PREVALLE","20","20","654","264","63","127","50","27","106","25","57","90","63","121","16","137","69","24","7","4","54","54","90","267"
"166","Della Flora Marco","Della Flora M.","SOCIAL O.S.A.","OSA MILANO","20","19","276","64","21","39","54","1","7","14","19","38","50","22","12","34","25","14","3","2","20","28","40","75"
"167","Dello Monaco Ludovico","Dello Monaco L.","CARPE DIEM BASKET","CALOLZIOCORTE","2","0","","0","","","","","","","","","","","","","","","","","","","",""
"168","D'emilio Alessandro","D'emilio A.","BOCCONI SPORT TEAM","MILANO TEAM","5","3","9","0","0","2","0","","","","","","","1","","1","","","","","","","","-1"
"169","Di Dio Tomas","Di Dio T.","LEGNANO KNIGHTS","LEGNANO","19","16","434","169","49","120","41","8","37","22","47","67","70","60","12","72","36","17","3","1","24","49","61","136"
"170","Di Giuliomaria Jona","Di Giuliomaria J.","TEAM ABC CANTU'","CANTU'","15","15","221","68","14","42","33","9","42","21","13","16","81","46","2","48","22","10","","","14","29","15","40"
"171","Di Iorio Marco","Di Iorio M.","SOCIAL O.S.A.","OSA MILANO","1","1","3","3","1","1","100","","","","1","1","100","","","","3","1","","","","","1","2"
"172","Di Rauso Giovanni","Di Rauso G.","BOCCONI SPORT TEAM","MILANO TEAM","20","20","561","266","108","187","58","5","14","36","35","63","56","117","76","193","41","16","15","6","16","62","67","330"
"173","Digianvittorio Simone","Digianvittorio S.","LEGNANO KNIGHTS","LEGNANO","3","3","65","8","2","10","20","0","3","0","4","6","67","7","5","12","2","1","","","6","5","6","13"
"174","Dispinzeri Luigi","Dispinzeri L.","NBB BRESCIA","BRESCIA","21","21","676","338","76","152","50","35","104","34","81","117","69","111","25","136","66","10","6","4","23","72","109","295"
"175","Dispinzeri Nicolo' Pio","Dispinzeri N.","NBB BRESCIA","BRESCIA","9","2","34","5","2","6","33","0","4","0","1","2","50","2","","2","1","","","","2","2","2","-1"
"176","Donega' Luca","Donega' L.","BASKET ROVELLO","ROVELLO","19","16","158","44","7","23","30","6","15","40","12","20","60","16","2","18","17","1","1","","12","17","14","21"
"177","Elia Ruggero Giuliano","Elia R.","NBB BRESCIA","BRESCIA","21","20","336","84","21","41","51","8","28","29","18","38","47","27","23","50","27","10","2","","12","73","40","34"
"178","ELLI STEFANO","ELLI S.","TEAM ABC CANTU'","CANTU'","1","1","3","0","0","1","0","","","","","","","","","","","1","","","","","1","1"
"179","Epifani Andrea","Epifani A.","BASKET SUSTINENTE","SUSTINENTE","17","15","443","237","56","120","47","29","90","32","38","55","69","45","10","55","58","16","2","1","35","30","62","174"
"180","Erba Edoardo","Erba E.","PALL. LISSONE","LISSONE","8","5","41","9","1","5","20","2","7","29","1","2","50","4","1","5","1","","","","2","5","2","2"
"181","Facchi Andrea","Facchi A.","BASKET TEAM E.BATTAGLIA","MORTARA","5","3","13","0","0","4","0","","","","","","","1","","1","","","","","1","2","","-4"
"182","Facchi Gabriele","Facchi G.","BASKET TEAM E.BATTAGLIA","MORTARA","15","3","7","2","1","1","100","0","3","0","","","","","","","1","","","","","","","-2"
"183","Facchi Matteo","Facchi M.","BASKET TEAM E.BATTAGLIA","MORTARA","17","7","25","4","2","3","67","0","3","0","0","2","0","2","1","3","1","1","","","1","4","1","-1"
"184","Fada Daniel","Fada D.","PALL. GARDONESE","GARDONESE","2","2","29","1","0","1","0","0","1","0","1","6","17","6","","6","5","1","","","3","4","3","-2"
"185","Faini Davide","Faini D.","NEW BASKET PREVALLE","PREVALLE","20","19","259","89","23","44","52","3","11","27","34","50","68","16","11","27","10","7","1","1","6","27","38","85"
"186","Faragalli Serroni Cristiano","Faragalli Serroni C.","VIRTUS LUMEZZANE","LUMEZZANE","2","2","30","4","1","3","33","0","7","0","2","4","50","5","","5","2","4","","","6","7","1",""
"187","Farinatti Luca","Farinatti L.","FORTITUDO BUSNAGO","BUSNAGO","20","20","549","182","46","108","43","22","66","33","24","31","77","67","34","101","20","14","8","5","27","51","32","169"
"188","Farioli Massimo","Farioli M.","SANSEBASKET","CREMONA","20","20","540","175","36","81","44","15","30","50","58","72","81","121","26","147","58","15","1","4","45","39","85","299"
"189","Fasani Marco","Fasani M.","LEGNANO KNIGHTS","LEGNANO","20","19","236","43","5","16","31","9","37","24","6","10","60","19","10","29","7","3","2","","12","15","6","26"
"190","Fedrigo Giacomo","Fedrigo G.","HYDROTHERM BUSTO ARSIZIO","BUSTO ARSIZIO","17","13","241","84","17","32","53","15","51","29","5","7","71","26","8","34","9","6","1","","7","34","5","39"
"191","Feloj Stefano","Feloj S.","BOCCONI SPORT TEAM","MILANO TEAM","12","12","165","21","3","32","9","4","20","20","3","4","75","21","8","29","5","6","1","","2","10","9","5"
"192","Feraboli Alessandro","Feraboli A.","SANSEBASKET","CREMONA","16","16","95","7","2","9","22","0","4","0","3","7","43","17","1","18","7","2","","","3","9","5","4"
"193","Ferrari Fabio","Ferrari F.","BASKET SUSTINENTE","SUSTINENTE","19","19","491","95","34","82","41","7","21","33","6","18","33","67","40","107","27","19","4","5","10","45","27","113"
"194","Ferrarini Stefano","Ferrarini S.","NBB BRESCIA","BRESCIA","19","17","258","41","12","28","43","2","18","11","11","19","58","21","8","29","17","10","1","1","5","41","17","4"
"195","Ferrario Andrea Giovanni","Ferrario A.","BASKETBALL GALLARATE","GALLARATE","19","17","131","26","9","20","45","1","4","25","5","7","71","20","7","27","13","7","1","1","4","24","6","17"
"196","Ferrario Lorenzo","Ferrario L.","HYDROTHERM BUSTO ARSIZIO","BUSTO ARSIZIO","9","3","36","5","1","2","50","1","3","33","","","","2","1","3","","1","","","2","1","","7"
"197","Ferrario Matteo","Ferrario M.","CARPE DIEM BASKET","CALOLZIOCORTE","18","18","366","115","34","82","41","8","40","20","23","29","79","24","16","40","9","12","7","2","21","20","24","92"
"198","Ferri Alessandro","Ferri A.","MILANOTRE BASKET","MILANOTRE","20","19","531","167","18","47","38","32","98","33","35","44","80","26","14","40","18","8","","2","9","31","39","112"
"199","Ferri Andrea","Ferri A.","ROMANO LOMBARDO","BERGAMO","20","19","528","191","31","60","52","38","123","31","15","18","83","51","9","60","26","42","3","5","27","54","42","167"
"200","Finazzer Flori Federico","Finazzer Flori F.","SOCIAL O.S.A.","OSA MILANO","20","20","297","76","19","36","53","7","28","25","17","25","68","27","15","42","7","7","","2","10","23","25","86"
"201","Finzi Lorenzo","Finzi L.","SOCIAL O.S.A.","OSA MILANO","20","20","501","218","34","71","48","40","112","36","30","39","77","35","10","45","52","16","1","1","51","32","52","180"
"202","Fiorito Simone","Fiorito S.","PALL. LISSONE","LISSONE","20","20","665","317","33","74","45","74","145","51","29","33","88","68","16","84","22","16","2","2","23","38","32","296"
"203","Floreano Daniele","Floreano D.","CARPE DIEM BASKET","CALOLZIOCORTE","18","18","409","174","64","137","47","1","1","100","43","65","66","47","30","77","35","15","6","","29","58","55","156"
"204","Florio Lorenzo","Florio L.","COPERT. ALLUMINIO BAJ ARCISATE","ARCISATE","18","18","475","163","75","167","45","0","7","0","13","25","52","80","27","107","37","12","5","1","9","41","38","136"
"205","Fontana Christian","Fontana C.","CARPE DIEM BASKET","CALOLZIOCORTE","3","3","33","6","0","3","0","2","8","25","","","","2","1","3","3","3","","","","5","","-5"
"206","Foresti Matias","Foresti M.","ROMANO LOMBARDO","BERGAMO","20","19","512","276","67","122","55","23","70","33","73","105","70","105","17","122","43","38","5","1","31","37","84","333"
"207","Foresti Nicolo'","Foresti N.","ROMANO LOMBARDO","BERGAMO","20","20","198","62","22","48","46","1","4","25","15","25","60","31","18","49","12","6","1","3","8","28","23","71"
"208","Fortunati Riccardo","Fortunati R.","DELTA LINE OPERA","OPERA","20","19","246","72","25","47","53","3","14","21","13","30","43","25","3","28","11","2","2","","3","35","21","28"
"209","Fossati Massimiliano","Fossati M.","VIRTUS LUMEZZANE","LUMEZZANE","20","20","457","117","38","65","58","5","10","50","26","43","60","47","14","61","24","17","2","6","21","43","45","149"
"210","Foti Fabrizio","Foti F.","MAZZOLENI B.T. PIZZIGHETTONE","PIZZIGHETTONE","20","19","596","211","48","105","46","31","82","38","22","35","63","50","10","60","33","17","6","","64","38","45","199"
"211","Franco Tommaso","Franco T.","LIBERTAS CERNUSCO","CERNUSCO","20","20","442","243","64","114","56","26","88","30","37","50","74","39","9","48","25","17","3","1","20","52","49","173"
"212","Franzoni Mattia","Franzoni M.","PALL. GARDONESE","GARDONESE","19","16","353","113","30","58","52","12","48","25","17","31","55","61","26","87","15","13","","3","17","34","31","137"
"213","Frascati Paolo","Frascati P.","NBB BRESCIA","BRESCIA","19","19","255","74","16","29","55","13","46","28","3","7","43","17","6","23","7","3","2","","4","27","9","27"
"214","Frausin Davide Ugo","Frausin D.","SOCIAL O.S.A.","OSA MILANO","3","2","9","0","0","1","0","0","1","0","","","","1","","1","2","","","","","","","-3"
"215","Freri Federico","Freri F.","BASKETBALL GALLARATE","GALLARATE","19","18","320","101","23","53","43","8","26","31","31","36","86","39","20","59","17","5","1","1","7","21","29","110"
"216","Frontini Giovanni","Frontini G.","NERVIANESE 1919","NERVIANO","20","20","579","227","86","157","55","8","25","32","31","37","84","87","30","117","26","15","1","9","28","69","39","245"
"217","Furlanetto Luca","Furlanetto L.","PALL. MILANO 1958","MILANO","20","19","369","99","14","36","39","13","26","50","32","39","82","23","11","34","20","14","","","24","23","40","126"
"218","Gabanelli Matteo","Gabanelli M.","MILANOTRE BASKET","MILANOTRE","20","16","164","37","8","29","28","4","13","31","9","21","43","16","4","20","12","7","4","1","14","34","31","18"
"219","Gagliardi Lorenzo","Gagliardi L.","MAZZOLENI B.T. PIZZIGHETTONE","PIZZIGHETTONE","1","0","","0","","","","","","","","","","","","","","","","","","","",""
"220","Galbusera Andrea","Galbusera A.","BASKET ROVELLO","ROVELLO","1","0","","0","","","","","","","","","","","","","","","","","","","",""
"221","Gallazzi Edoardo Giuseppe Mario","Gallazzi E.","AURORA DESIO 94","DESIO","19","16","426","194","43","78","55","23","75","31","39","51","76","60","1","61","30","21","2","5","36","34","40","192"
"222","Galli Matteo","Galli M.","CARPE DIEM BASKET","CALOLZIOCORTE","18","7","35","2","1","5","20","","","","0","2","0","7","6","13","1","2","","","4","8","2","8"
"223","Galli Bartolomeo","Galli B.","BOCCONI SPORT TEAM","MILANO TEAM","13","8","35","2","1","2","50","0","3","0","","","","4","1","5","2","","","","","1","",""
"224","Galluccio Andrea","Galluccio A.","CARPE DIEM BASKET","CALOLZIOCORTE","8","1","2","0","","","","","","","","","","","","","1","","","","1","1","","-1"
"225","Gamazo Emilio Joaquin","Gamazo E.","VIRTUS LUMEZZANE","LUMEZZANE","20","20","694","431","184","272","68","2","9","22","55","84","65","157","63","220","39","18","10","3","30","36","78","571"
"226","Gandoy Martin Miguel","Gandoy M.","VIRTUS LUMEZZANE","LUMEZZANE","6","6","143","83","17","38","45","8","16","50","25","34","74","37","6","43","11","5","1","","22","15","29","117"
"227","Gardini Andrea","Gardini A.","COPERT. ALLUMINIO BAJ ARCISATE","ARCISATE","19","18","332","148","21","65","32","21","88","24","43","56","77","25","4","29","27","7","9","1","9","26","42","50"
"228","Garini Andrea","Garini A.","SANSEBASKET","CREMONA","7","4","11","2","1","2","50","","","","","","","2","","2","1","2","","","1","","","5"
"229","Garzanti Leo Claudio","Garzanti L.","PALL. MILANO 1958","MILANO","2","0","","0","","","","","","","","","","","","","","","","","","","",""
"230","Gaye Khadim","Gaye K.","COPERT. ALLUMINIO BAJ ARCISATE","ARCISATE","19","19","308","81","35","74","47","0","1","0","11","18","61","55","13","68","20","14","3","8","6","35","20","92"
"231","Gerli Emanuele","Gerli E.","MAZZOLENI B.T. PIZZIGHETTONE","PIZZIGHETTONE","20","20","514","172","56","104","54","9","24","38","33","42","79","82","24","106","58","14","3","1","31","52","39","178"
"232","Ghezzi Jacopo","Ghezzi J.","BOCCONI SPORT TEAM","MILANO TEAM","20","19","307","61","11","23","48","12","48","25","3","3","100","43","11","54","13","1","","7","4","37","5","34"
"233","Ghiandoni Luca","Ghiandoni L.","SOCIAL O.S.A.","OSA MILANO","1","1","12","3","","","","1","3","33","","","","4","","4","","1","","","","1","","5"
"234","Ghirimoldi Matteo","Ghirimoldi M.","7 LAGHI GAZZADA","GAZZADA","11","1","2","0","","","","","","","","","","","","","","","","","","","",""
"235","Giglio Mattia","Giglio M.","COPERT. ALLUMINIO BAJ ARCISATE","ARCISATE","19","18","271","41","5","22","23","10","47","21","1","2","50","24","6","30","13","19","","3","12","33","8","12"
"236","Giocondo Giuseppe","Giocondo G.","MILANOTRE BASKET","MILANOTRE","20","18","442","222","59","135","44","19","66","29","47","60","78","51","9","60","39","20","2","1","27","60","58","151"
"237","Giorgini Diego","Giorgini D.","ARGOMM BASKET ISEO","ISEO","21","7","33","18","2","2","100","4","7","57","2","4","50","","","","3","","","","1","9","2","4"
"238","Giovara Matteo","Giovara M.","NBB BRESCIA","BRESCIA","21","21","723","293","97","155","63","22","89","25","33","53","62","48","17","65","53","24","2","","35","51","61","227"
"239","Giuseppetti Matteo","Giuseppetti M.","PALL. MILANO 1958","MILANO","4","3","62","35","7","14","50","3","6","50","12","16","75","6","3","9","5","1","","","2","9","14","33"
"240","Gjorgjevikj Miroslav","Gjorgjevikj M.","NBB BRESCIA","BRESCIA","11","3","5","2","","","","0","1","0","2","2","100","2","","2","","","","","1","","1","5"
"241","Gorla Nicolo'","Gorla N.","ROBUR BASKET SARONNO","SARONNO","19","18","434","139","37","79","47","17","50","34","14","20","70","83","17","100","17","19","3","2","24","45","15","153"
"242","Gotti Claudio","Gotti C.","OLIMPIA LUMEZZANE","LUMEZZANE","19","18","387","87","21","47","45","11","47","23","12","25","48","92","20","112","17","17","2","17","16","39","24","140"
"243","Gramola Carlo","Gramola C.","BOCCONI SPORT TEAM","MILANO TEAM","7","4","37","6","1","5","20","1","5","20","1","4","25","3","1","4","2","1","","","2","2","1","-1"
"244","Grampa Matteo","Grampa M.","HYDROTHERM BUSTO ARSIZIO","BUSTO ARSIZIO","20","20","492","195","60","118","51","13","48","27","36","48","75","65","25","90","22","9","3","","21","25","46","206"
"245","Grimaldi Riccardo","Grimaldi R.","NERVIANESE 1919","NERVIANO","2","0","","0","","","","","","","","","","","","","","","","","","","",""
"246","Guerrieri Matteo","Guerrieri M.","DELTA LINE OPERA","OPERA","16","5","16","3","0","2","0","1","1","100","","","","","","","1","1","1","","1","","","1"
"247","Guffanti Andrea","Guffanti A.","LIBERTAS CERNUSCO","CERNUSCO","18","16","423","159","25","67","37","29","69","42","22","39","56","69","15","84","33","20","3","4","24","55","44","145"
"248","Guidi Alessandro","Guidi A.","LEGNANO KNIGHTS","LEGNANO","20","19","587","260","53","103","51","39","141","28","37","42","88","93","7","100","31","11","3","1","24","63","50","192"
"249","Gurioli Alessandro","Gurioli A.","ROBUR BASKET SARONNO","SARONNO","18","18","404","250","60","94","64","25","65","38","55","66","83","74","13","87","20","11","3","3","24","39","69","297"
"250","Guzzetti Lorenzo","Guzzetti L.","NERVIANESE 1919","NERVIANO","16","4","32","4","2","5","40","","","","0","3","0","9","1","10","2","1","","","1","5","3","6"
"251","Hidalgo Quiroz Anfernee","Hidalgo Quiroz A.","BASKETBALL GALLARATE","GALLARATE","19","18","626","292","70","157","45","31","76","41","59","85","69","76","13","89","37","17","2","","96","38","64","323"
"252","Iacono Michael","Iacono M.","MILANOTRE BASKET","MILANOTRE","20","16","491","199","38","100","38","32","80","40","27","40","68","40","12","52","20","10","3","","64","20","70","229"
"253","Invernizzi Bruno","Invernizzi B.","BASKET TEAM E.BATTAGLIA","MORTARA","19","19","463","72","16","33","48","10","45","22","10","15","67","53","17","70","14","16","1","1","39","40","28","114"
"254","Iurato Carmelo","Iurato C.","DELTA LINE OPERA","OPERA","20","20","581","319","67","129","52","31","90","34","92","111","83","78","26","104","32","20","3","1","43","46","91","357"
"255","Izzo Alessio","Izzo A.","AURORA DESIO 94","DESIO","5","2","3","0","","","","","","","","","","","","","","","","","","","",""
"256","Kebe Omar","Kebe O.","MILANOTRE BASKET","MILANOTRE","19","12","87","15","5","12","42","1","1","100","2","6","33","22","7","29","4","2","","5","","10","3","29"
"257","Koljanin Dani","Koljanin D.","7 LAGHI GAZZADA","GAZZADA","6","6","150","71","29","58","50","1","14","7","10","12","83","41","14","55","13","3","4","3","5","8","14","82"
"258","Labovic Bozidar","Labovic B.","OLIMPIA LUMEZZANE","LUMEZZANE","20","19","290","55","12","25","48","7","31","23","10","14","71","30","8","38","23","10","","","17","29","23","50"
"259","Lanfredi Stefano","Lanfredi S.","NEW BASKET PREVALLE","PREVALLE","20","20","423","89","9","31","29","13","57","23","32","41","78","44","4","48","28","24","4","","24","47","56","87"
"260","Lanzi Tommaso","Lanzi T.","TEAM ABC CANTU'","CANTU'","17","17","341","136","44","64","69","10","38","26","18","23","78","64","12","76","20","18","2","2","32","28","20","181"
"261","Lepri Jacopo","Lepri J.","7 LAGHI GAZZADA","GAZZADA","18","16","533","224","52","100","52","24","72","33","48","69","70","24","5","29","33","33","1","","45","28","55","207"
"262","Leva Matteo","Leva M.","ROBUR BASKET SARONNO","SARONNO","18","15","215","37","2","13","15","10","36","28","3","3","100","16","1","17","7","","","1","13","20","12","16"
"263","Liso Stefano","Liso S.","BASKET TEAM E.BATTAGLIA","MORTARA","19","19","655","246","24","49","49","53","129","41","39","50","78","53","10","63","35","16","3","","69","37","61","268"
"264","Lo Moustapha","Lo M.","BASKET SUSTINENTE","SUSTINENTE","18","16","216","64","13","46","28","10","39","26","8","12","67","16","5","21","24","5","","","5","49","9","-35"
"265","Lo Monaco Andres","Lo Monaco A.","NERVIANESE 1919","NERVIANO","1","0","","0","","","","","","","","","","","","","","","","","","","",""
"266","Loggia Christian","Loggia C.","BOCCONI SPORT TEAM","MILANO TEAM","19","19","440","165","43","114","38","22","67","33","13","17","76","72","26","98","29","8","5","","11","45","19","102"
"267","Lombardi Stefano","Lombardi S.","NBB BRESCIA","BRESCIA","20","16","140","14","3","9","33","1","9","11","5","6","83","16","2","18","8","4","","","11","13","11","22"
"268","Lonati Davide","Lonati D.","BASKET TEAM E.BATTAGLIA","MORTARA","10","2","2","2","1","1","100","","","","","","","","1","1","1","","","1","","","","3"
"269","Londero Lorenzo","Londero L.","PALL. MILANO 1958","MILANO","1","0","","0","","","","","","","","","","","","","","","","","","","",""
"270","Lovato Lorenzo","Lovato L.","AURORA DESIO 94","DESIO","12","4","24","14","5","6","83","","","","4","5","80","1","3","4","1","2","","","1","4","3","17"
"271","Lucchini Andrea Maria","Lucchini A.","SOCIAL O.S.A.","OSA MILANO","21","21","421","129","48","83","58","7","19","37","12","17","71","41","20","61","26","13","5","6","16","51","22","113"
"272","Lugic Lazar","Lugic L.","MAZZOLENI B.T. PIZZIGHETTONE","PIZZIGHETTONE","20","20","657","322","70","119","59","35","104","34","77","99","78","123","15","138","54","18","2","16","38","50","94","380"
"273","Luisari Nicola","Luisari N.","LIBERTAS CERNUSCO","CERNUSCO","18","14","47","8","3","6","50","","","","2","2","100","4","4","8","3","3","","","1","4","1","11"
"274","Luoni Alberto Eugenio","Luoni A.","BASKETBALL GALLARATE","GALLARATE","10","3","5","0","","","","0","1","0","","","","","","","1","","","","","1","","-3"
"275","Magni Edoardo","Magni E.","FORTITUDO BUSNAGO","BUSNAGO","20","20","313","57","10","38","26","10","41","24","7","13","54","37","9","46","25","9","3","1","16","44","15","7"
"276","Maiocco Federico","Maiocco F.","LEGNANO KNIGHTS","LEGNANO","20","20","624","194","48","106","45","20","77","26","38","58","66","149","21","170","35","24","2","8","61","29","68","324"
"277","Malagutti Leonardo","Malagutti L.","VIRTUS LUMEZZANE","LUMEZZANE","20","16","455","150","22","47","47","22","54","41","40","53","75","32","14","46","22","15","1","","62","33","68","215"
"278","Mancini Filippo","Mancini F.","PALL. MILANO 1958","MILANO","1","0","","0","","","","","","","","","","","","","","","","","","","",""
"279","Mancini Davide","Mancini D.","NBB BRESCIA","BRESCIA","21","12","168","31","13","25","52","0","1","0","5","6","83","17","19","36","5","2","","2","2","11","5","48"
"280","Mancuso Fabio","Mancuso F.","COPERT. ALLUMINIO BAJ ARCISATE","ARCISATE","8","6","27","2","1","1","100","0","4","0","","","","3","","3","2","2","","","2","4","1",""
"281","Mangiarotti Alessio","Mangiarotti A.","BASKET TEAM E.BATTAGLIA","MORTARA","12","3","7","1","","","","","","","1","2","50","2","1","3","","","","","","","2","5"
"282","Marazzi Giovanni","Marazzi G.","TEAM ABC CANTU'","CANTU'","10","9","51","16","8","9","89","0","1","0","","","","4","3","7","4","","1","","","19","","-3"
"283","Marelli Davide","Marelli D.","OLIMPIA LUMEZZANE","LUMEZZANE","20","20","569","227","40","98","41","40","126","32","27","44","61","37","5","42","22","17","2","","39","43","53","150"
"284","Marenzi Marco Paolo","Marenzi M.","SANSEBASKET","CREMONA","20","20","485","181","55","110","50","9","28","32","44","57","77","59","30","89","62","28","2","","28","72","53","156"
"285","Mariani Giacomo","Mariani G.","ROBUR BASKET SARONNO","SARONNO","18","18","493","153","42","88","48","15","48","31","24","28","86","73","2","75","52","20","2","1","72","35","31","180"
"286","Marino Matteo","Marino M.","PALL. LISSONE","LISSONE","20","20","672","346","66","110","60","48","115","42","70","83","84","98","8","106","55","23","6","","106","39","103","460"
"287","Marinoni Mattia","Marinoni M.","BASKET ROVELLO","ROVELLO","4","3","5","0","","","","0","1","0","","","","2","","2","1","1","","","","","","1"
"288","Marnetto Gabriel","Marnetto G.","LIBERTAS CERNUSCO","CERNUSCO","20","17","129","36","9","21","43","4","19","21","6","8","75","3","1","4","3","3","","","2","13","11","11"
"289","Marusic Andrea","Marusic A.","BASKETBALL GALLARATE","GALLARATE","19","18","455","168","47","98","48","10","42","24","44","63","70","69","33","102","43","23","6","8","18","63","61","166"
"290","Mascadri Stefano","Mascadri S.","NEW BASKET PREVALLE","PREVALLE","20","18","584","260","65","129","50","23","91","25","61","85","72","45","13","58","54","18","","","45","40","83","214"
"291","Masocco Jacopo","Masocco J.","VIRTUS PALL. CERMENATE","CERMENATE","18","18","174","29","9","36","25","2","8","25","5","8","62","17","9","26","15","3","2","","8","21","10","2"
"292","Massafra Riccardo","Massafra R.","PALL. MILANO 1958","MILANO","20","8","40","5","1","3","33","1","3","33","","","","6","1","7","1","2","","1","1","6","","5"
"293","Mastrangelo Daniele","Mastrangelo D.","VIRTUS LUMEZZANE","LUMEZZANE","20","18","552","279","35","92","38","59","134","44","32","36","89","47","6","53","25","25","1","1","58","22","33","265"
"294","Mazzanti Enrico Manfredo","Mazzanti E.","ROMANO LOMBARDO","BERGAMO","20","16","419","130","44","96","46","7","24","29","21","36","58","56","18","74","50","21","2","4","24","53","33","97"
"295","Mazzardi Marco","Mazzardi M.","NBB BRESCIA","BRESCIA","1","0","","0","","","","","","","","","","","","","","","","","","","",""
"296","Mazzi William","Mazzi W.","SOCIAL O.S.A.","OSA MILANO","2","1","1","0","","","","","","","","","","","","","","","","","","1","","-1"
"297","Mazzoleni Marco","Mazzoleni M.","FORTITUDO BUSNAGO","BUSNAGO","20","20","499","192","44","93","47","17","63","27","53","71","75","60","39","99","27","21","6","1","32","74","89","214"
"298","Medeghini Giovanni","Medeghini G.","ARGOMM BASKET ISEO","ISEO","21","14","71","18","8","11","73","0","3","0","2","2","100","6","4","10","6","1","1","","1","12","5","10"
"299","Menezes Crissaf Bolelli Felipe","Menezes Crissaf Bolelli F.","PALL. MILANO 1958","MILANO","11","10","172","61","15","29","52","9","24","38","4","8","50","8","3","11","6","2","1","","4","24","14","28"
"300","Menezes Crissaf Bolelli Felipe","Menezes Crissaf Bolelli F.","VIRTUS PALL. CERMENATE","CERMENATE","2","2","56","27","7","13","54","3","7","43","4","7","57","2","4","6","2","","","","6","5","4","23"
"301","Mensah Oscar","Mensah O.","ARGOMM BASKET ISEO","ISEO","21","19","286","99","19","44","43","13","38","34","22","29","76","20","10","30","20","8","3","1","15","43","41","71"
"302","Mercante Stefano","Mercante S.","LIBERTAS CERNUSCO","CERNUSCO","19","16","438","151","18","60","30","27","81","33","34","44","77","78","4","82","60","18","3","1","57","51","50","139"
"303","Merci Lorenzo","Merci L.","BOCCONI SPORT TEAM","MILANO TEAM","16","15","158","21","5","12","42","2","3","67","5","5","100","18","8","26","5","3","","1","6","18","5","31"
"304","Meregalli Mirko","Meregalli M.","PALL. LISSONE","LISSONE","17","16","399","154","23","56","41","28","59","47","24","28","86","40","8","48","12","16","2","1","11","28","33","153"
"305","Meroni Aron","Meroni A.","BASKET ROVELLO","ROVELLO","19","19","260","59","16","37","43","4","22","18","15","24","62","21","4","25","17","11","1","1","15","35","32","42"
"306","Meroni Paolo","Meroni P.","PALL. LISSONE","LISSONE","20","20","374","175","41","81","51","17","57","30","42","65","65","62","9","71","36","15","1","1","37","58","54","155"
"307","Meroni Leonardo","Meroni L.","CARPE DIEM BASKET","CALOLZIOCORTE","19","19","523","206","54","135","40","19","64","30","41","52","79","44","16","60","33","22","1","6","46","54","42","157"
"308","Michelori Andrea","Michelori A.","SOCIAL O.S.A.","OSA MILANO","16","16","426","186","66","107","62","","","","54","83","65","101","59","160","56","20","1","5","29","56","88","305"
"309","Milic Stefan","Milic S.","7 LAGHI GAZZADA","GAZZADA","17","17","196","27","6","18","33","3","21","14","6","7","86","23","4","27","12","1","2","","8","21","8","5"
"310","Milovanovic Milos","Milovanovic M.","OLIMPIA LUMEZZANE","LUMEZZANE","21","21","510","268","100","195","51","0","2","0","68","125","54","109","67","176","56","15","3","11","22","71","103","311"
"311","Mirkovski Bogdan","Mirkovski B.","TEAM ABC CANTU'","CANTU'","8","6","57","16","1","2","50","4","17","24","2","2","100","10","2","12","1","1","","","2","6","2","12"
"312","Modenese Giovanni","Modenese G.","ARGOMM BASKET ISEO","ISEO","21","10","72","11","2","7","29","2","15","13","1","2","50","5","2","7","3","","","","2","13","1","-14"
"313","Molteni Marco","Molteni M.","TEAM ABC CANTU'","CANTU'","12","12","197","52","11","31","35","7","30","23","9","13","69","34","6","40","10","9","","1","8","23","8","38"
"314","Molteni Mattia","Molteni M.","AURORA DESIO 94","DESIO","19","19","468","239","46","117","39","38","104","37","33","39","85","62","8","70","26","15","6","2","26","54","40","163"
"315","Moraghi Alessandro","Moraghi A.","BASKETBALL GALLARATE","GALLARATE","19","18","427","136","44","130","34","0","8","0","48","78","62","61","60","121","39","11","1","5","21","38","78","170"
"316","Morandi Giovanni","Morandi G.","PALL. LISSONE","LISSONE","20","18","110","21","8","20","40","1","7","14","2","4","50","10","2","12","17","2","3","","7","18","5","-11"
"317","Morando Nicolo'","Morando N.","FORTITUDO BUSNAGO","BUSNAGO","18","17","372","94","26","55","47","12","52","23","6","11","55","47","5","52","19","6","5","1","29","31","24","77"
"318","Musso Victorio Gustavo","Musso V.","SANSEBASKET","CREMONA","20","19","469","148","37","86","43","14","58","24","32","45","71","84","11","95","37","17","3","1","38","39","54","168"
"319","Muzio Daniel Christiaan","Muzio D.","BASKET TEAM E.BATTAGLIA","MORTARA","19","19","307","73","28","53","53","","","","17","20","85","50","27","77","11","6","","2","17","48","16","104"
"320","Nasini Pietro","Nasini P.","TEAM ABC CANTU'","CANTU'","6","6","71","17","6","14","43","1","8","12","2","4","50","8","5","13","5","4","","","2","10","5","9"
"321","Nasr Eldin Ahmed Mohamed Abdel","Nasr Eldin A.","COPERT. ALLUMINIO BAJ ARCISATE","ARCISATE","10","6","17","0","0","1","0","","","","","","","2","2","4","","","","","","","","3"
"322","Nava Gabriele","Nava G.","FORTITUDO BUSNAGO","BUSNAGO","1","1","30","12","2","4","50","1","4","25","5","6","83","4","2","6","2","1","","","","4","4","11"
"323","Nebuloni Andrea Massimiliano","Nebuloni A.","VIRTUS LUMEZZANE","LUMEZZANE","20","18","126","28","11","18","61","2","12","17","0","1","0","22","17","39","8","10","1","4","","20","6","40"
"324","Negri Claudio","Negri C.","LEGNANO KNIGHTS","LEGNANO","20","20","586","229","85","131","65","3","18","17","50","77","65","124","56","180","41","21","7","14","42","58","74","366"
"325","Nizzola Matteo","Nizzola M.","BASKET SUSTINENTE","SUSTINENTE","20","20","435","72","18","52","35","10","49","20","6","13","46","34","10","44","20","10","","1","9","61","26","1"
"326","Norcino Mattia","Norcino M.","DELTA LINE OPERA","OPERA","20","20","564","206","13","50","26","45","150","30","45","61","74","28","6","34","25","7","2","","44","47","69","128"
"327","Novati Lorenzo","Novati L.","HYDROTHERM BUSTO ARSIZIO","BUSTO ARSIZIO","19","19","520","120","38","68","56","10","25","40","14","16","88","91","9","100","37","28","1","4","51","15","23","226"
"328","Nuclich Simone","Nuclich S.","NERVIANESE 1919","NERVIANO","20","20","610","279","68","149","46","41","84","49","20","25","80","50","23","73","46","26","6","1","62","56","39","243"
"329","Olgiati Lorenzo","Olgiati L.","TEAM ABC CANTU'","CANTU'","3","2","20","2","1","2","50","","","","0","2","0","3","1","4","2","","","","1","1","2","3"
"330","Opoku Joseph","Opoku J.","ROMANO LOMBARDO","BERGAMO","8","2","7","2","1","2","50","","","","","","","2","","2","1","","","1","","1","","2"
"331","Palac Filip","Palac F.","PALL. GARDONESE","GARDONESE","20","12","274","111","29","56","52","15","31","48","8","10","80","30","8","38","18","15","1","3","28","35","8","104"
"332","Palazzi Niccolo'","Palazzi N.","COPERT. ALLUMINIO BAJ ARCISATE","ARCISATE","19","19","589","102","16","46","35","9","38","24","43","62","69","54","4","58","80","22","5","","83","39","96","159"
"333","Paleari Andrea","Paleari A.","PALL. MILANO 1958","MILANO","18","18","573","317","105","171","61","12","37","32","71","101","70","116","35","151","45","24","1","15","44","51","115","448"
"334","Panaccione Orsomaria","Panaccione O.","SOCIAL O.S.A.","OSA MILANO","5","5","161","52","11","25","44","3","15","20","21","31","68","25","2","27","14","8","1","","18","13","30","71"
"335","Pancrazi Matteo","Pancrazi M.","BASKET TEAM E.BATTAGLIA","MORTARA","1","0","","0","","","","","","","","","","","","","","","","","","","",""
"336","Pasquino Matteo","Pasquino M.","BASKET SUSTINENTE","SUSTINENTE","20","20","513","122","36","102","35","8","34","24","26","54","48","45","21","66","76","32","2","1","23","53","73","66"
"337","Pastori Manuel","Pastori M.","7 LAGHI GAZZADA","GAZZADA","16","15","244","57","19","46","41","4","25","16","7","7","100","52","13","65","28","4","2","3","13","40","12","36"
"338","Pedrini Simone","Pedrini S.","MAZZOLENI B.T. PIZZIGHETTONE","PIZZIGHETTONE","20","20","631","212","50","104","48","20","60","33","52","68","76","106","37","143","21","29","1","1","31","43","50","291"
"339","Pellegrini Gabriele","Pellegrini G.","ROBUR BASKET SARONNO","SARONNO","17","10","82","43","16","27","59","2","4","50","5","7","71","9","4","13","2","3","2","1","1","6","7","43"
"340","Pellizzoni Riccardo","Pellizzoni R.","VIRTUS PALL. CERMENATE","CERMENATE","18","18","522","229","42","110","38","33","102","32","46","59","78","35","8","43","42","17","","1","31","50","57","136"
"341","Penna Lorenzo","Penna L.","SANSEBASKET","CREMONA","4","0","","0","","","","","","","","","","","","","","","","","","","",""
"342","Perego Andrea","Perego A.","FORTITUDO BUSNAGO","BUSNAGO","20","12","388","89","25","62","40","8","36","22","15","27","56","36","5","41","24","16","4","","79","25","25","120"
"343","Perego Davide","Perego D.","CARPE DIEM BASKET","CALOLZIOCORTE","19","19","425","168","58","128","45","6","27","22","34","58","59","59","24","83","31","7","3","","9","47","52","123"
"344","Peri Davide","Peri D.","AURORA DESIO 94","DESIO","19","18","339","78","20","36","56","8","31","26","14","21","67","20","4","24","21","15","3","3","24","42","20","52"
"345","Persico Benedetto","Persico B.","FORTITUDO BUSNAGO","BUSNAGO","8","8","183","43","18","35","51","0","1","0","7","15","47","23","7","30","10","4","2","5","6","21","17","46"
"346","Pesenato Daniele","Pesenato D.","AURORA DESIO 94","DESIO","19","15","149","31","13","27","48","0","1","0","5","6","83","32","11","43","10","3","1","2","8","16","7","51"
"347","Pesenti Marco","Pesenti M.","OLIMPIA LUMEZZANE","LUMEZZANE","18","18","510","162","28","74","38","28","101","28","22","28","79","65","23","88","32","31","2","","68","44","30","176"
"348","Piantoni Giacomo","Piantoni G.","OLIMPIA LUMEZZANE","LUMEZZANE","16","15","220","69","29","63","46","0","1","0","11","23","48","29","31","60","13","4","1","2","7","25","21","77"
"349","Piatti Matteo","Piatti M.","BOCCONI SPORT TEAM","MILANO TEAM","16","16","176","62","26","50","52","0","1","0","10","17","59","27","25","52","17","6","2","1","2","26","17","63"
"350","Piccinocchi Riccardo","Piccinocchi R.","BASKET SUSTINENTE","SUSTINENTE","14","14","214","22","9","26","35","1","8","12","1","8","12","17","6","23","25","4","1","","10","20","20","2"
"351","Piccolboni Giovanni","Piccolboni G.","BASKET SUSTINENTE","SUSTINENTE","19","19","201","42","11","30","37","1","13","8","17","23","74","13","5","18","30","8","2","1","1","45","21","-23"
"352","Picotti Stefano","Picotti S.","BASKETBALL GALLARATE","GALLARATE","16","6","63","12","6","11","55","0","1","0","","","","11","1","12","4","1","","","","6","3","12"
"353","Pigozzi Leonardo","Pigozzi L.","BASKETBALL GALLARATE","GALLARATE","4","0","","0","","","","","","","","","","","","","","","","","","","",""
"354","Pirovano Nicolo' Matteo","Pirovano N.","CARPE DIEM BASKET","CALOLZIOCORTE","5","5","105","24","10","15","67","0","7","0","4","8","50","21","2","23","6","2","","2","11","11","11","40"
"355","Pirovano Mattia","Pirovano M.","CARPE DIEM BASKET","CALOLZIOCORTE","15","12","134","41","9","21","43","7","19","37","2","3","67","11","3","14","9","2","1","","4","18","10","18"
"356","Pitarresi Fabio","Pitarresi F.","7 LAGHI GAZZADA","GAZZADA","18","4","7","2","1","2","50","","","","","","","","","","1","","","","","","1","1"
"357","Pocius Rokas","Pocius R.","BASKET TEAM E.BATTAGLIA","MORTARA","19","19","666","375","121","227","53","7","33","21","112","159","70","174","59","233","71","20","10","7","52","45","151","533"
"358","Pogliana Giacomo","Pogliana G.","NERVIANESE 1919","NERVIANO","20","9","22","0","0","1","0","","","","","","","3","1","4","3","","","","2","9","1","-6"
"359","Politi Filippo","Politi F.","ROBUR BASKET SARONNO","SARONNO","19","19","487","248","84","160","52","3","6","50","71","86","83","86","44","130","37","8","2","7","23","37","75","321"
"360","Pontisso Stefano","Pontisso S.","DELTA LINE OPERA","OPERA","8","7","161","59","19","32","59","3","18","17","12","25","48","23","5","28","22","10","1","1","13","28","25","44"
"361","Porrati Valerio","Porrati V.","LEGNANO KNIGHTS","LEGNANO","10","5","9","0","0","1","0","","","","","","","2","1","3","","2","","","","","","4"
"362","Porro Nicholas","Porro N.","CARPE DIEM BASKET","CALOLZIOCORTE","15","15","294","60","29","64","45","0","3","0","2","4","50","45","22","67","5","7","2","3","6","26","8","78"
"363","Prati Riccardo","Prati R.","BASKET SUSTINENTE","SUSTINENTE","14","8","124","38","9","18","50","2","8","25","14","17","82","16","","16","10","","","","4","10","10","30"
"364","Priuli Alessandro","Priuli A.","NERVIANESE 1919","NERVIANO","12","12","347","80","25","59","42","","","","30","48","62","70","31","101","20","11","2","8","21","27","65","185"
"365","Puricelli Daniele","Puricelli D.","COPERT. ALLUMINIO BAJ ARCISATE","ARCISATE","18","18","426","194","54","115","47","21","68","31","23","33","70","88","48","136","22","17","1","2","15","34","27","216"
"366","Quaglia Pietro","Quaglia P.","ROBUR BASKET SARONNO","SARONNO","14","8","88","8","1","4","25","0","3","0","6","8","75","11","","11","12","2","","","11","6","9","15"
"367","Quarta Flavio","Quarta F.","TEAM ABC CANTU'","CANTU'","15","12","77","18","5","17","29","1","3","33","5","9","56","9","3","12","9","3","1","","2","8","7","6"
"368","Quinti Andrea","Quinti A.","ROBUR BASKET SARONNO","SARONNO","19","19","253","74","30","62","48","","","","14","30","47","54","32","86","14","8","","13","14","31","26","128"
"369","Ragagnin Giovanni","Ragagnin G.","SANSEBASKET","CREMONA","19","18","415","173","20","57","35","33","97","34","34","44","77","39","10","49","34","22","3","","17","33","51","131"
"370","Ragni Alberto","Ragni A.","MILANOTRE BASKET","MILANOTRE","18","16","214","52","18","50","36","0","1","0","16","24","67","26","20","46","10","3","3","5","4","39","19","36"
"371","Rakic Kristijan","Rakic K.","OLIMPIA LUMEZZANE","LUMEZZANE","20","14","111","8","2","4","50","1","5","20","1","4","25","9","2","11","9","1","","1","8","12","4","3"
"372","Ramenghi Francesco","Ramenghi F.","LIBERTAS CERNUSCO","CERNUSCO","11","10","62","18","7","16","44","1","3","33","1","3","33","6","5","11","3","4","1","1","2","7","4","16"
"373","Rampoldi Davide","Rampoldi D.","BASKET ROVELLO","ROVELLO","9","6","17","8","1","5","20","2","3","67","","","","1","","1","","","1","","2","1","","4"
"374","Rappoccio Bruno","Rappoccio B.","NBB BRESCIA","BRESCIA","21","21","638","185","25","78","32","29","87","33","48","56","86","65","11","76","67","29","","2","73","55","77","201"
"375","Raskovic Marko","Raskovic M.","NEW BASKET PREVALLE","PREVALLE","19","17","420","194","84","148","57","0","12","0","26","39","67","73","38","111","28","16","3","2","19","58","44","208"
"376","Ravelli Giovanni","Ravelli G.","OLIMPIA LUMEZZANE","LUMEZZANE","12","1","5","3","","","","1","1","100","","","","1","","1","","","","","","1","1","4"
"377","Reali Marco","Reali M.","PALL. MILANO 1958","MILANO","20","20","599","227","17","56","30","55","151","36","28","37","76","94","8","102","28","11","3","5","24","45","32","181"
"378","Remonti Marco","Remonti M.","7 LAGHI GAZZADA","GAZZADA","4","2","13","0","","","","0","1","0","","","","3","","3","","","","","","1","","1"
"379","Riefolo Giacomo","Riefolo G.","7 LAGHI GAZZADA","GAZZADA","2","1","4","0","","","","","","","","","","","","","","","","","","","",""
"380","Riggi Luca","Riggi L.","SOCIAL O.S.A.","OSA MILANO","19","19","254","72","12","37","32","14","32","44","6","8","75","31","10","41","10","2","1","","8","29","14","52"
"381","Rigon Davide","Rigon D.","SOCIAL O.S.A.","OSA MILANO","16","16","263","112","26","70","37","15","50","30","15","27","56","60","11","71","24","11","2","3","10","45","18","63"
"382","Rimoldi Lorenzo","Rimoldi L.","COPERT. ALLUMINIO BAJ ARCISATE","ARCISATE","18","18","230","22","4","20","20","4","28","14","2","4","50","23","5","28","10","7","","","1","21","9","-6"
"383","Rinaldi Luca Giacomo","Rinaldi L.","VIRTUS LUMEZZANE","LUMEZZANE","20","19","395","140","48","84","57","11","33","33","11","20","55","54","12","66","24","6","","1","15","37","24","124"
"384","Riva Manuel Simone Maria","Riva M.","LIBERTAS CERNUSCO","CERNUSCO","18","18","401","187","27","60","45","37","123","30","22","25","88","15","2","17","19","15","","","11","18","17","88"
"385","Romei Longhena Giovanni","Romei Longhena G.","BASKET ROVELLO","ROVELLO","19","18","367","99","23","48","48","13","43","30","14","23","61","28","15","43","13","10","1","3","8","34","26","77"
"386","Romei Longhena Agostino","Romei Longhena A.","BASKET ROVELLO","ROVELLO","18","18","396","110","44","90","49","","","","22","31","71","47","36","83","26","9","1","3","21","48","28","124"
"387","Roncari Luca","Roncari L.","LEGNANO KNIGHTS","LEGNANO","19","19","402","105","25","67","37","11","41","27","22","32","69","32","7","39","16","10","5","","30","27","32","86"
"388","Ronchetti Andrea","Ronchetti A.","TEAM ABC CANTU'","CANTU'","19","19","422","109","35","63","56","10","31","32","9","14","64","63","28","91","13","15","2","","14","49","25","136"
"389","Ronchetti Paolo","Ronchetti P.","BASKET ROVELLO","ROVELLO","14","12","37","20","6","9","67","2","7","29","2","5","40","6","2","8","2","3","1","","3","7","6","19"
"390","Rosignoli Davide","Rosignoli D.","7 LAGHI GAZZADA","GAZZADA","5","5","166","52","19","44","43","0","6","0","14","22","64","42","24","66","13","2","1","","9","13","21","84"
"391","Rusconi Martino","Rusconi M.","CARPE DIEM BASKET","CALOLZIOCORTE","12","12","273","107","25","60","42","17","45","38","6","9","67","42","13","55","28","5","2","","17","35","13","66"
"392","Ruzzon Marco","Ruzzon M.","PALL. LISSONE","LISSONE","20","20","290","85","15","36","42","15","48","31","10","14","71","33","3","36","15","9","","","20","32","15","60"
"393","Sacchi Mattia","Sacchi M.","BASKET TEAM E.BATTAGLIA","MORTARA","19","19","457","203","39","74","53","28","66","42","41","54","76","39","8","47","26","10","2","3","27","53","62","185"
"394","Sacripanti Filippo","Sacripanti F.","TEAM ABC CANTU'","CANTU'","3","1","6","2","1","1","100","0","1","0","","","","1","","1","","","","","","","","2"
"395","Sala Tommaso","Sala T.","FORTITUDO BUSNAGO","BUSNAGO","1","1","1","0","","","","","","","","","","","","","","","","","","","",""
"396","Saletti Stefano","Saletti S.","NEW BASKET PREVALLE","PREVALLE","20","20","357","59","27","55","49","1","4","25","2","5","40","65","31","96","24","10","","4","12","45","11","89"
"397","Sambruna Leonardo","Sambruna L.","PALL. LISSONE","LISSONE","3","2","3","0","","","","0","2","0","","","","1","","1","","","","","1","","",""
"398","Santambrogio Marco","Santambrogio M.","ROBUR BASKET SARONNO","SARONNO","18","18","440","159","30","68","44","29","71","41","12","20","60","49","4","53","29","13","","","62","37","33","166"
"399","Santangelo Giuseppe","Santangelo G.","BOCCONI SPORT TEAM","MILANO TEAM","16","15","153","39","13","26","50","2","10","20","7","12","58","9","4","13","13","2","","","5","16","10","14"
"400","Santolamazza Riccardo","Santolamazza R.","BOCCONI SPORT TEAM","MILANO TEAM","18","18","511","206","27","75","36","21","66","32","89","105","85","101","13","114","44","19","1","3","72","45","99","314"
"401","Scekic Nikola","Scekic N.","NEW BASKET PREVALLE","PREVALLE","20","18","530","233","65","104","62","27","66","41","22","42","52","84","38","122","31","15","1","1","21","49","40","253"
"402","Scekic Nemanja","Scekic N.","PALL. GARDONESE","GARDONESE","5","5","53","21","7","14","50","1","1","100","4","7","57","10","5","15","8","2","","1","","10","7","18"
"403","Scrima Nicolo'","Scrima N.","BOCCONI SPORT TEAM","MILANO TEAM","12","12","244","82","14","45","31","11","39","28","21","29","72","24","3","27","11","2","3","","14","18","28","54"
"404","Scroccaro Riccardo","Scroccaro R.","PALL. MILANO 1958","MILANO","11","8","165","38","8","24","33","4","10","40","10","12","83","8","4","12","8","2","1","","10","10","6","25"
"405","Scuratti Stefano","Scuratti S.","TEAM ABC CANTU'","CANTU'","20","20","423","154","64","122","52","0","2","0","26","35","74","45","27","72","33","6","2","8","12","54","40","134"
"406","Sebastiani Marco","Sebastiani M.","SOCIAL O.S.A.","OSA MILANO","19","18","212","37","10","27","37","1","14","7","14","21","67","10","2","12","8","9","3","1","9","19","15","16"
"407","Semeraro Riccardo","Semeraro R.","MAZZOLENI B.T. PIZZIGHETTONE","PIZZIGHETTONE","11","1","1","0","0","1","0","","","","","","","","","","1","","","","","","","-2"
"408","Severgnini Stefano","Severgnini S.","MAZZOLENI B.T. PIZZIGHETTONE","PIZZIGHETTONE","20","20","274","69","21","48","44","7","25","28","6","14","43","32","12","44","23","10","2","22","12","44","21","56"
"409","Siccardo Filippo","Siccardo F.","LIBERTAS CERNUSCO","CERNUSCO","17","17","364","139","39","99","39","7","32","22","40","52","77","30","13","43","39","27","9","2","25","46","65","110"
"410","Sirtori Emanuele","Sirtori E.","LIBERTAS CERNUSCO","CERNUSCO","19","19","346","133","59","131","45","0","1","0","15","35","43","70","29","99","18","11","6","3","17","66","37","117"
"411","Soldati Davide","Soldati D.","PALL. MILANO 1958","MILANO","6","1","1","0","","","","","","","","","","","","","","","","","","","",""
"412","Somaschini Elia","Somaschini E.","7 LAGHI GAZZADA","GAZZADA","16","16","361","52","13","29","45","7","27","26","5","13","38","34","17","51","11","4","2","","14","29","22","57"
"413","Spera Gaetano","Spera G.","NERVIANESE 1919","NERVIANO","6","6","171","57","22","39","56","0","2","0","13","22","59","43","8","51","10","4","","5","12","19","25","97"
"414","Spera Gaetano","Spera G.","7 LAGHI GAZZADA","GAZZADA","8","8","181","57","22","44","50","0","1","0","13","17","76","40","11","51","17","5","","4","5","22","22","78"
"415","Speronello Davide","Speronello D.","LEGNANO KNIGHTS","LEGNANO","15","15","474","152","26","57","46","23","87","26","31","42","74","43","10","53","41","16","3","1","43","43","43","115"
"416","Spirolazzi Davide","Spirolazzi D.","DELTA LINE OPERA","OPERA","20","20","604","285","86","159","54","18","73","25","59","85","69","77","43","120","41","21","4","2","37","63","62","265"
"417","Spoldi Lorenzo","Spoldi L.","SANSEBASKET","CREMONA","8","5","20","5","2","3","67","0","1","0","1","2","50","4","","4","3","2","","","1","2","4","8"
"418","Squarcina Niccolo'","Squarcina N.","VIRTUS PALL. CERMENATE","CERMENATE","16","11","166","55","7","14","50","8","24","33","17","25","68","26","5","31","6","8","","4","5","20","18","64"
"419","Staffiere Rocco Eliseo","Staffiere R.","ARGOMM BASKET ISEO","ISEO","20","14","115","27","3","7","43","7","24","29","","","","6","1","7","13","7","1","1","7","20","2","-4"
"420","Strambini Pietro","Strambini P.","VIRTUS PALL. CERMENATE","CERMENATE","2","0","","0","","","","","","","","","","","","","","","","","","","",""
"421","Strautmanis Kristofers","Strautmanis K.","SANSEBASKET","CREMONA","20","20","399","212","68","108","63","11","37","30","43","63","68","51","33","84","25","10","2","","10","57","56","202"
"422","Syku Andrea","Syku A.","7 LAGHI GAZZADA","GAZZADA","4","1","1","0","","","","","","","","","","","","","","","","","","","",""
"423","Tagliabue Filippo","Tagliabue F.","HYDROTHERM BUSTO ARSIZIO","BUSTO ARSIZIO","20","20","367","136","56","131","43","2","7","29","18","24","75","70","21","91","30","4","4","7","23","53","33","121"
"424","Tamagnone Norberto Maria","Tamagnone N.","FORTITUDO BUSNAGO","BUSNAGO","19","17","109","13","2","7","29","2","8","25","3","6","50","10","7","17","6","2","","","4","13","3","6"
"425","Tamani Kemda Georges Arthur","Tamani Kemda G.","SOCIAL O.S.A.","OSA MILANO","1","1","6","0","0","1","0","","","","","","","1","","1","1","1","","","","1","","-1"
"426","Tandoi Niccolo'","Tandoi N.","PALL. MILANO 1958","MILANO","10","10","319","148","53","84","63","6","14","43","24","33","73","21","4","25","23","7","3","","26","22","32","142"
"427","Tandoi Niccolo'","Tandoi N.","DELTA LINE OPERA","OPERA","5","5","123","34","11","28","39","2","16","12","6","9","67","21","6","27","6","6","","","7","5","8","37"
"428","Tannoia Riccardo","Tannoia R.","DELTA LINE OPERA","OPERA","20","20","568","185","55","114","48","16","68","24","27","41","66","68","13","81","29","34","6","","59","56","63","206"
"429","Tavasci Andrea","Tavasci A.","COPERT. ALLUMINIO BAJ ARCISATE","ARCISATE","7","4","10","2","1","1","100","0","1","0","","","","","","","","","","","1","","","2"
"430","Tedeschi Leonardo","Tedeschi L.","PALL. LISSONE","LISSONE","20","20","415","115","43","89","48","5","24","21","14","22","64","24","6","30","20","24","2","","30","51","31","84"
"431","Tedoldi Marco","Tedoldi M.","ARGOMM BASKET ISEO","ISEO","21","21","518","178","39","69","57","24","88","27","28","41","68","57","15","72","25","12","","5","23","49","35","144"
"432","Terpstra Stefano","Terpstra S.","MAZZOLENI B.T. PIZZIGHETTONE","PIZZIGHETTONE","9","2","1","0","","","","","","","","","","","","","","","","","","","",""
"433","Terraneo Mattia","Terraneo M.","BASKET ROVELLO","ROVELLO","15","13","138","48","13","24","54","4","15","27","10","12","83","6","2","8","13","1","","1","11","14","13","31"
"434","Terreni Goncalves Silva Emanuel","Terreni Goncalves Silva E.","VIRTUS PALL. CERMENATE","CERMENATE","18","18","286","149","68","128","53","2","10","20","7","13","54","54","33","87","28","9","4","5","4","43","25","130"
"435","Tinto Daniele","Tinto D.","PALL. GARDONESE","GARDONESE","20","19","515","184","43","91","47","22","72","31","32","57","56","64","28","92","35","35","3","1","48","56","48","191"
"436","Tognati Edoardo","Tognati E.","LEGNANO KNIGHTS","LEGNANO","14","3","12","3","","","","1","3","33","","","","","","","2","","","","","1","","-2"
"437","Tognoni Davide","Tognoni D.","BASKET SUSTINENTE","SUSTINENTE","20","20","456","126","35","84","42","11","41","27","23","38","61","45","20","65","31","10","6","1","11","42","29","69"
"438","Tolasi Edoardo","Tolasi E.","MAZZOLENI B.T. PIZZIGHETTONE","PIZZIGHETTONE","8","4","8","0","","","","","","","","","","1","","1","1","","","","","","",""
"439","Tolasi Michele","Tolasi M.","MAZZOLENI B.T. PIZZIGHETTONE","PIZZIGHETTONE","7","1","1","0","","","","","","","","","","","","","","","","","","","",""
"440","Tomaselli Jacopo","Tomaselli J.","BASKET ROVELLO","ROVELLO","19","19","347","56","14","33","42","7","27","26","7","12","58","50","5","55","20","12","1","1","28","27","18","78"
"441","Tomba Enrico Marco","Tomba E.","AURORA DESIO 94","DESIO","19","19","277","82","17","36","47","11","30","37","15","20","75","29","14","43","15","16","1","4","27","41","23","95"
"442","Tomic Leon","Tomic L.","OLIMPIA LUMEZZANE","LUMEZZANE","21","21","591","274","97","209","46","1","4","25","77","105","73","180","64","244","65","21","11","5","32","65","96","388"
"443","Tonelli Davide","Tonelli D.","AURORA DESIO 94","DESIO","1","1","25","7","3","4","75","0","1","0","1","2","50","5","1","6","","1","","","3","3","1","12"
"444","Tornari Matteo","Tornari M.","AURORA DESIO 94","DESIO","8","8","141","50","6","8","75","11","27","41","5","6","83","13","1","14","8","10","","","24","19","15","67"
"445","Tornari Matteo","Tornari M.","BASKET ROVELLO","ROVELLO","11","11","322","141","23","50","46","24","85","28","23","30","77","33","4","37","25","10","2","1","47","34","28","108"
"446","Tosi Paolo","Tosi P.","ROBUR BASKET SARONNO","SARONNO","15","9","108","43","13","24","54","5","16","31","2","3","67","20","6","26","9","3","","2","4","13","6","39"
"447","Tresso Davide","Tresso D.","ROBUR BASKET SARONNO","SARONNO","19","19","401","185","70","105","67","8","18","44","21","30","70","30","25","55","19","11","8","2","16","48","27","167"
"448","Trunic Lazar","Trunic L.","SANSEBASKET","CREMONA","20","19","521","252","37","93","40","40","133","30","58","77","75","78","25","103","46","10","5","2","23","31","49","189"
"449","Turelli Matteo","Turelli M.","ROMANO LOMBARDO","BERGAMO","8","5","79","30","8","14","57","3","10","30","5","8","62","13","2","15","2","1","","3","2","8","7","32"
"450","Ubiali Alessandro","Ubiali A.","OLIMPIA LUMEZZANE","LUMEZZANE","9","9","189","54","15","31","48","5","17","29","9","10","90","15","4","19","13","6","","","19","22","14","48"
"451","Urbonavicius Benius","Urbonavicius B.","BASKET TEAM E.BATTAGLIA","MORTARA","19","19","598","300","79","128","62","40","102","39","22","41","54","104","55","159","34","16","1","9","31","46","36","340"
"452","Vai Federico","Vai F.","HYDROTHERM BUSTO ARSIZIO","BUSTO ARSIZIO","20","20","557","242","26","52","50","49","136","36","43","54","80","68","6","74","43","24","2","3","33","51","49","205"
"453","Varrone Davide","Varrone D.","PALL. GARDONESE","GARDONESE","13","13","139","26","9","21","43","","","","8","10","80","24","10","34","13","1","3","3","3","13","10","34"
"454","Ventura Roberto","Ventura R.","PALL. LISSONE","LISSONE","19","16","105","18","2","7","29","4","18","22","2","2","100","10","4","14","8","2","","1","6","21","6","-1"
"455","Verga Phuwin Simone","Verga P.","VIRTUS PALL. CERMENATE","CERMENATE","18","2","3","0","","","","","","","","","","1","","1","","","","","","1","",""
"456","Veronesi Filippo","Veronesi F.","ARGOMM BASKET ISEO","ISEO","20","20","469","176","65","126","52","3","7","43","37","51","73","75","39","114","34","14","5","1","15","60","50","192"
"457","Verri Damiano","Verri D.","7 LAGHI GAZZADA","GAZZADA","18","18","532","263","92","140","66","15","51","29","34","52","65","128","37","165","36","12","3","6","18","59","56","320"
"458","Vesentini Alfonso","Vesentini A.","BASKET SUSTINENTE","SUSTINENTE","7","5","44","2","1","3","33","0","1","0","0","2","0","2","1","3","1","3","","","1","4","2","1"
"459","Vigano' Umberto","Vigano' U.","NERVIANESE 1919","NERVIANO","10","10","152","45","9","15","60","8","27","30","3","5","60","16","3","19","5","2","1","1","5","18","6","27"
"460","Villa Gabriele","Villa G.","ROMANO LOMBARDO","BERGAMO","18","18","485","216","28","57","49","38","97","39","46","55","84","68","8","76","18","10","1","1","31","53","48","213"
"461","Villa Lorenzo","Villa L.","BASKET ROVELLO","ROVELLO","19","18","371","184","39","69","57","27","100","27","25","41","61","48","10","58","23","17","3","5","17","41","36","131"
"462","Villa Edoardo","Villa E.","PALL. LISSONE","LISSONE","13","3","9","0","","","","0","1","0","","","","","","","","1","","","","1","","-1"
"463","Villa Andrea","Villa A.","NBB BRESCIA","BRESCIA","6","1","4","0","0","1","0","","","","","","","2","","2","","","","","","","","1"
"464","Werlich Alessandro","Werlich A.","FORTITUDO BUSNAGO","BUSNAGO","7","7","197","69","15","29","52","9","32","28","12","17","71","19","3","22","15","7","","1","7","18","19","50"
"465","Zambelli Federico","Zambelli F.","CARPE DIEM BASKET","CALOLZIOCORTE","18","18","540","213","47","117","40","31","111","28","26","33","79","52","8","60","28","21","1","","78","37","47","196"
"466","Zattra Davide","Zattra D.","COPERT. ALLUMINIO BAJ ARCISATE","ARCISATE","16","14","272","81","38","68","56","","","","5","10","50","29","18","47","19","8","3","4","6","37","8","60"
"467","Zeneli Franci","Zeneli F.","AURORA DESIO 94","DESIO","19","19","398","218","92","156","59","8","25","32","10","21","48","78","20","98","25","13","1","8","13","27","28","233"
"468","Zhala Marco","Zhala M.","SANSEBASKET","CREMONA","14","7","14","8","3","4","75","0","2","0","2","5","40","2","","2","1","","","","1","3","3","4"
"469","Ziviani Lorenzo","Ziviani L.","TEAM ABC CANTU'","CANTU'","19","19","324","134","31","72","43","13","36","36","33","43","77","33","7","40","35","16","2","5","17","41","53","113"
"470","Zorat Michele","Zorat M.","NEW BASKET PREVALLE","PREVALLE","20","18","187","52","9","29","31","7","20","35","13","16","81","10","8","18","9","15","1","1","7","31","10","26"
